USE CocoScheme;

INSERT INTO Department (department_name, costs_center, active) VALUES
  ('Finanzas', 'CC001', TRUE),
  ('Recursos Humanos', 'CC002', TRUE),
  ('IT', 'CC003', TRUE),
  ('Marketing', 'CC004', FALSE),
  ('Operaciones', 'CC005', TRUE),
  ('Servicios Generales', 'CC006', TRUE),
  ('Administración', 'CC007', TRUE),
  ('Sistemas Avanzados', 'CC008', FALSE), 
  ('Desarrollo', 'CC009', TRUE),  
  ('Recursos No Hum', 'CC010', TRUE);


INSERT INTO `User` (role_id, department_id, user_name, password, workstation, email, phone_number, active) VALUES
  (1, 1, 'andres.gomez', 'andres123', 'WS101', 'andres.gomez@empresa.com', '555-1001', TRUE),
  (2, 1, 'paula.martinez', 'paula456', 'WS102', 'paula.martinez@empresa.com', '555-1002', TRUE),
  (3, 1, 'carlos.ramos', 'carlos789', 'WS103', 'carlos.ramos@empresa.com', '555-1003', TRUE),
  (4, 1, 'laura.flores', 'laura321', 'WS104', 'laura.flores@empresa.com', '555-1004', TRUE),
  (5, 1, 'diego.hernandez', 'diego654', 'WS105', 'diego.hernandez@empresa.com', '555-1005', TRUE),
  (1, 2, 'adminX_special', 'sup3rS3cret!', 'HACK001', 'adminx@empresaxd.com', '000-0000', TRUE),
  (2, 2, 'xx_m4nu_xx', 'qwerty123', 'WS???', 'manuel@empresa.com', '1234567890', TRUE),
  (3, 2, 'el_ch4p0', 'p4sSw0rd', 'SOFIA-PC', 'chapo@correo.com', NULL, TRUE),
  (4, 2, 'sofia_r', 'm1cor4zon', 'SOFIA-PC', 'sofia_random@mail.com', '555-ABCD', TRUE),
  (5, 2, 'miguel.de.cervantes', 'donquixote2023', 'DON-QUI', 'miguel@delamancha.com', '555-0000', TRUE),
  (1, 3, 'jose.perez', 'jose123', 'WS106', 'jose.perez@empresa.com', '555-1006', TRUE),
  (2, 3, 'lucia.garcia', 'lucia456', 'WS107', 'lucia.garcia@empresa.com', '555-1007', TRUE),
  (3, 3, 'pedro.sanchez', 'pedro789', 'WS108', 'pedro.sanchez@empresa.com', '555-1008', TRUE),
  (4, 3, 'marta.lopez', 'marta321', 'WS109', 'marta.lopez@empresa.com', '555-1009', TRUE),
  (5, 3, 'rafael.morales', 'rafael654', 'WS110', 'rafael.morales@empresa.com', '555-1010', TRUE),
  (1, 4, 'clara.silva', 'claraS3cret!', 'WS111', 'clara.silva@empresa.com', '555-1011', TRUE),
  (2, 4, 'luis.palomino', 'luisqwerty123', 'WS112', 'luis.palomino@empresa.com', '1234567891', TRUE),
  (3, 4, 'sandra.martinez', 'sandraP4ssw0rd', 'SOFIA-PC2', 'sandra.martinez@empresa.com', '555-1012', TRUE),
  (4, 4, 'juan.gonzalez', 'juan_m1cor4zon', 'SOFIA-PC3', 'juan.gonzalez@empresa.com', '555-1013', TRUE),
  (5, 4, 'laura.cortes', 'lauraDonquixote2023', 'DON-QUI2', 'laura.cortes@empresa.com', '555-1014', TRUE),
  (1, 5, 'alvaro.nunez', 'alvaro123', 'WS113', 'alvaro.nunez@empresa.com', '555-1015', TRUE),
  (2, 5, 'patricia.reyes', 'patricia789', 'WS114', 'patricia.reyes@empresa.com', '555-1016', TRUE),
  (3, 5, 'jorge.ferrer', 'jorge321', 'WS115', 'jorge.ferrer@empresa.com', '555-1017', TRUE),
  (4, 5, 'beatriz.sanchez', 'beatriz654', 'WS116', 'beatriz.sanchez@empresa.com', '555-1018', TRUE),
  (5, 5, 'alba.torres', 'albaS3cret!', 'HACK002', 'alba.torres@empresa.com', '555-1019', TRUE),
  (1, 6, 'ernesto.hernandez', 'ernesto123', 'WS117', 'ernesto.hernandez@empresa.com', '555-1020', TRUE),
  (2, 6, 'javier.morales', 'javier789', 'WS118', 'javier.morales@empresa.com', '555-1021', TRUE),
  (3, 6, 'maria.rodriguez', 'maria321', 'WS119', 'maria.rodriguez@empresa.com', '555-1022', TRUE),
  (4, 6, 'francisco.martin', 'francisco654', 'WS120', 'francisco.martin@empresa.com', '555-1023', TRUE),
  (5, 6, 'patricia.diaz', 'patriciaS3cret!', 'WS121', 'patricia.diaz@empresa.com', '555-1024', TRUE),
  (1, 7, 'tomas.gonzalez', 'tomasqwerty123', 'WS122', 'tomas.gonzalez@empresa.com', '1234567892', TRUE),
  (2, 7, 'beatriz.rodriguez', 'beatrizP4ssw0rd', 'SOFIA-PC4', 'beatriz.rodriguez@empresa.com', '555-1025', TRUE),
  (3, 7, 'jorge.martinez', 'jorge_m1cor4zon', 'SOFIA-PC5', 'jorge.martinez@empresa.com', '555-1026', TRUE),
  (4, 7, 'raul.ferrer', 'raulDonquixote2023', 'DON-QUI3', 'raul.ferrer@empresa.com', '555-1027', TRUE),
  (5, 7, 'isabel.perez', 'isabel123', 'WS123', 'isabel.perez@empresa.com', '555-1028', TRUE),
  (1, 8, 'oscar.diaz', 'oscar789', 'WS124', 'oscar.diaz@empresa.com', '555-1029', TRUE),
  (2, 8, 'roberto.gomez', 'roberto321', 'WS125', 'roberto.gomez@empresa.com', '555-1030', TRUE),
  (3, 8, 'carmen.lopez', 'carmen654', 'WS126', 'carmen.lopez@empresa.com', '555-1031', TRUE),
  (4, 8, 'natalia.fernandez', 'nataliaS3cret!', 'HACK003', 'natalia.fernandez@empresa.com', '555-1032', TRUE),
  (5, 8, 'victor.salazar', 'victor123', 'WS127', 'victor.salazar@empresa.com', '555-1033', TRUE);


INSERT INTO Request (user_id, request_status_id, notes, requested_fee, imposed_fee, request_days, active) VALUES
  (1, 1, 'Solicito viáticos para viaje a conferencia en Barcelona.', 1500.00, 0.00, 3.0, TRUE),
  (1, 2, 'Reembolso por gastos médicos durante viaje.', 800.00, 750.00, 1.0, TRUE),
  (1, 3, 'Solicitud de apoyo económico para capacitación online.', 500.00, 500.00, 0.0, TRUE),
  (1, 4, 'Viáticos para taller de liderazgo en Madrid.', 1200.00, 1000.00, 2.0, TRUE),
  (1, 5, 'Reembolso de transporte.', 300.00, 250.00, 0.5, TRUE),
  (1, 6, 'Apoyo para participación en congreso internacional.', 2000.00, 1800.00, 4.0, TRUE),
  (1, 7, 'Gastos operativos extraordinarios.', 650.00, 600.00, 0.0, TRUE),
  (1, 8, 'Viaje urgente por representación institucional.', 1750.00, 1500.00, 3.5, TRUE),
  (1, 9, 'Solicito anticipo para misión técnica en el extranjero.', 2200.00, 2000.00, 5.0, TRUE),
  (1, 10, 'Solicitud de viáticos por gira de supervisión.', 1300.00, 1200.00, 2.5, TRUE),
  (2, 1, 'Quiero ir a brr brr patapin por favor', 90.00, 0.00, 9.0, TRUE),
  (2, 2, 'Yo como cuando', 9999999.00, 10000.0, 10.2, TRUE),
  (2, 3, 'Solicito algo para que me den algo porque quiero algo y por eso solicito las cosas, porque el que quiere puede', 10.00, 8000.00, 3, TRUE),
  (2, 4, 'Momento gastar cuando gastas mucho', 999999999999999999999999999999999999.9999999999999999999, 1.00, 33, TRUE),
  (2, 5, 'Cambio de registro para cambiar lo registrado porque se requere cambiar por el nuevo cambio', 80, 0.001, 0.5, TRUE),
  (2, 6, 'anotando anotando anotando anotando anotando anotando anotando', 333333333, 11111111, 80, TRUE),
  (2, 7, 'Llendo al evento de fantasias épicas mayo 2030', 878723, 9823982, 932, TRUE),
  (2, 8, '¿Por qué te vas? Me olvidarás Me olvidarás', 99.99, 88, 3.5, TRUE),
  (2, 9, 'que lento el trafico, ¿por qué no pasa el camion :(?', 100, 100, 100, TRUE),
  (2, 10, 'con el te duele el corazon, conmigo te duelen los pies', 9823, 893, 10, TRUE),
  (3, 1, 'a caminar en el solazo a 40 grados', 3, 0.0, 0.8, TRUE),
  (3, 2, '', 32, 32, 10, TRUE),
  (3, 3, 'imagina hacerte 2 horas en viaje al trabajo, no podria ser yo', 34, 56, 9, TRUE),
  (3, 4, 'Motivo de solicitud número 43', 93, 239, 3, TRUE),
  (3, 5, 'Razones: No tengo ninguna razón para estarlo', 3, 93, 01, TRUE),
  (3, 6, 'Evento Vínculo 2025', 2025, 5, 1, TRUE),
  (3, 7, 'Primera línea de notas.\nSegunda línea de notas.', 3, 4, 9, TRUE),
  (3, 8, 'Mensaje: Mensaje', 92, 38, 10, TRUE),
  (3, 9, 'Solicitando para el evento', 9239, 9823, 2, TRUE),
  (3, 10, 'Llenando espacio', 38, 93, 2, TRUE),
  (4, 1, 'Solicitud de ejemplo 1', 100.00, 0.00, 5, TRUE),
  (4, 2, 'Solicitud de ejemplo 2', 150.00, 140.00, 7, TRUE),
  (4, 3, 'Solicitud de ejemplo 3', 200.00, 180.00, 10, TRUE),
  (4, 4, 'Solicitud de ejemplo 4', 50.00, 50.00, 3, TRUE),
  (4, 5, 'Solicitud de ejemplo 5', 300.00, 280.00, 15, TRUE),
  (4, 6, 'Solicitud de ejemplo 6', 120.00, 110.00, 6, TRUE),
  (4, 7, 'Solicitud de ejemplo 7', 180.00, 160.00, 8, TRUE),
  (4, 8, 'Solicitud de ejemplo 8', 250.00, 230.00, 12, TRUE),
  (4, 9, 'Solicitud de ejemplo 9', 75.00, 70.00, 4, TRUE),
  (4, 10, 'Solicitud de ejemplo 10', 400.00, 380.00, 20, TRUE);


INSERT INTO Country (country_name) VALUES
  ('México'),
  ('Estados Unidos'),
  ('Canadá'),
  ('Brásil'),
  ('Argentina'),
  ('Chile'),
  ('Colombia'),
  ('España'),
  ('Francia'),
  ('Reino Unido'),
  ('Alemania'),
  ('Italia'),  
  ('Japón'),
  ('China'),
  ('India');


INSERT INTO City (city_name) VALUES
-- Mexican Cities
  ('CDMX'),
  ('Guadalajara'),
  ('Monterrey'),
  ('Cancún'),
  ('Mérida'),
-- US Cities
  ('Nueva York'),
  ('Los Ángeles'),
  ('San Francisco'),
  ('Chicago'),
  ('Las Vegas'),
-- Canadian Cities
  ('Toronto'),
  ('Vancouver'),
-- Brazilian Cities
  ('Rio de Janeiro'),
  ('Sao Paulo'),
-- Argentine Cities
  ('Buenos Aires'),
  ('Cordoba'),
-- Chilean Cities
  ('Santiago'),
  ('Valparaíso'),
-- Colombian Cities
  ('Bogotá'),
  ('Barranquilla'),
-- Spanish Cities
  ('Madrid'),
  ('Barcelona'),
-- French Cities
  ('Paris'),
  ('Lyon'),
-- UK Cities
  ('Londres'),
  ('Manchester'),
-- German Cities
  ('Berlín'),
  ('Munich'),
-- Italian Cities
  ('Roma'),
  ('Venecia'),
-- Japanese Cities
  ('Tokyo'),
  ('Kyoto'),
-- Chinese Cities
  ('Pekín'),
  ('Hong Kong'),
-- Indian Cities
  ('Bombay'),
  ('Nueva Delhi');


INSERT INTO `Route` (id_origin_country, id_origin_city, id_destination_country, id_destination_city, router_index,
                     plane_needed, hotel_needed, beginning_date, beginning_time, ending_date, ending_time) VALUES
  (1, 1, 1, 2, 1, TRUE, FALSE, '2025-05-01', '08:00:00', '2025-05-01', '11:00:00'),
  (1, 3, 1, 5, 1, TRUE, TRUE,  '2025-05-02', '10:30:00', '2025-05-02', '14:30:00'),
  (1, 2, 1, 1, 1, FALSE, TRUE, '2025-05-03', '12:00:00', '2025-05-03', '15:00:00'),
  (1, 3, 1, 2, 1, TRUE, FALSE, '2025-05-04', '06:00:00', '2025-05-04', '09:00:00'),
  (1, 1, 2, 1, 1, TRUE, TRUE, '2025-05-05', '14:00:00', '2025-05-05', '18:00:00'),
  (2, 1, 1, 1, 1, FALSE, FALSE,'2025-05-06', '11:00:00', '2025-05-06', '13:00:00'),
  (1, 1, 8, 31, 1, TRUE, FALSE, '2025-05-07', '09:30:00', '2025-05-07', '12:30:00'),
  (10, 36, 2, 7, 1, FALSE, TRUE, '2025-05-08', '15:00:00', '2025-05-08', '18:30:00'),
  (1, 1, 8, 31, 1, TRUE, TRUE, '2025-05-09', '08:00:00', '2025-05-09', '11:15:00'),
  (10, 25, 7, 29, 1, TRUE, FALSE, '2025-05-10', '07:00:00', '2025-05-10', '09:00:00'),
  (11, 27, 12, 29, 1, FALSE, FALSE,'2025-05-11', '12:00:00', '2025-05-11', '15:00:00'),
  (12, 29, 11, 27, 1, TRUE, TRUE, '2025-05-12', '13:00:00', '2025-05-12', '17:00:00'),
  (13, 31, 14, 33, 1, TRUE, FALSE,'2025-05-13', '06:00:00', '2025-05-13', '08:30:00'),
  (14, 33, 13, 31, 1, FALSE, TRUE, '2025-05-14', '14:00:00', '2025-05-14', '17:00:00'),
  (15, 35, 1, 1, 1, TRUE, TRUE, '2025-05-15', '10:00:00', '2025-05-15', '13:00:00'),
  (1, 2, 2, 6, 1, FALSE, FALSE,'2025-05-16', '11:00:00', '2025-05-16', '13:45:00'),
  (2, 6, 3, 11, 1, TRUE, FALSE, '2025-05-17', '07:15:00', '2025-05-17', '09:45:00'),
  (3, 11, 4, 13, 1, TRUE, TRUE, '2025-05-18', '16:00:00', '2025-05-18', '19:00:00'),
  (4, 13, 5, 15, 1, FALSE, TRUE, '2025-05-19', '12:30:00', '2025-05-19', '16:00:00'),
  (5, 15, 6, 17, 1, TRUE, FALSE, '2025-05-20', '06:00:00', '2025-05-20', '08:00:00'),
  (6, 17, 7, 19, 1, FALSE, TRUE, '2025-05-21', '13:30:00', '2025-05-21', '15:30:00'),
  (7, 19, 8, 21, 1, TRUE, TRUE, '2025-05-22', '09:00:00', '2025-05-22', '11:45:00'),
  (8, 21, 9, 23, 1, TRUE, FALSE, '2025-05-23', '10:00:00', '2025-05-23', '12:30:00'),
  (9, 23, 10, 25, 1, FALSE, TRUE, '2025-05-24', '11:00:00', '2025-05-24', '13:30:00'),
  (10, 25, 15, 35, 1, TRUE, FALSE, '2025-05-25', '12:00:00', '2025-05-25', '14:30:00'),
  (1, 1, 15, 35, 1, TRUE, TRUE, '2025-05-26', '13:00:00', '2025-05-26', '15:30:00'),
  (2, 6, 14, 33, 1, FALSE, FALSE,'2025-05-27', '14:00:00', '2025-05-27', '16:30:00'),
  (3, 11, 13, 31, 1, TRUE, FALSE, '2025-05-28', '15:00:00', '2025-05-28', '17:30:00'),
  (4, 13, 12, 29, 1, TRUE, TRUE, '2025-05-29', '16:00:00', '2025-05-29', '18:30:00'),
  (5, 15, 11, 27, 1, FALSE, TRUE, '2025-05-30', '17:00:00', '2025-05-30', '19:30:00'),
  (6, 17, 10, 25, 1, TRUE, FALSE, '2025-05-31', '18:00:00', '2025-05-31', '20:30:00'),
  (7, 19, 9, 23, 1, TRUE, TRUE, '2025-06-01', '08:00:00', '2025-06-01', '10:30:00'),
  (8, 21, 8, 21, 1, FALSE, FALSE,'2025-06-02', '09:00:00', '2025-06-02', '11:30:00'),
  (9, 23, 7, 19, 1, TRUE, TRUE, '2025-06-03', '10:00:00', '2025-06-03', '12:30:00'),
  (10, 25, 6, 17, 1, FALSE, TRUE, '2025-06-04', '11:00:00', '2025-06-04', '13:30:00'),
  (11, 27, 5, 15, 1, TRUE, FALSE, '2025-06-05', '12:00:00', '2025-06-05', '14:30:00'),
  (12, 29, 4, 13, 1, TRUE, TRUE, '2025-06-06', '13:00:00', '2025-06-06', '15:30:00'),
  (13, 31, 3, 11, 1, FALSE, FALSE,'2025-06-07', '14:00:00', '2025-06-07', '16:30:00'),
  (14, 33, 2, 6, 1, TRUE, TRUE, '2025-06-08', '15:00:00', '2025-06-08', '17:30:00'),
  (15, 35, 1, 1, 1, FALSE, TRUE, '2025-06-09', '16:00:00', '2025-06-09', '18:30:00');


INSERT INTO Route_Request (request_id, route_id) VALUES
  (1, 1),
  (2, 2),
  (3, 3),
  (4, 4),
  (5, 5),
  (6, 6),
  (7, 7),
  (8, 8),
  (9, 9),
  (10, 10),
  (11, 11),
  (12, 12),
  (13, 13),
  (14, 14),
  (15, 15),
  (16, 16),
  (17, 17),
  (18, 18),
  (19, 19),
  (20, 20),
  (21, 21),
  (22, 22),
  (23, 23),
  (24, 24),
  (25, 25),
  (26, 26),
  (27, 27),
  (28, 28),
  (29, 29),
  (30, 30),
  (31, 31),
  (32, 32),
  (33, 33),
  (34, 34),
  (35, 35),
  (36, 36),
  (37, 37),
  (38, 38),
  (39, 39),
  (40, 40);


INSERT INTO Receipt (receipt_type_id, request_id, validation, amount, validation_date) VALUES
  (4, 1, 'Pendiente', 1587.45, NULL),
  (2, 2, 'Aprobado', 3420.10, '2025-04-19 09:00:00'),
  (3, 3, 'Rechazado', 1099.99, '2025-04-19 18:00:00'),
  (7, 4, 'Pendiente', 2895.00, '2037-04-19 18:00:59'),
  (2, 5, 'Aprobado', 4550.25, '2025-03-21 10:00:00'),
  (3, 6, 'Rechazado', 1905.30, '2025-04-22 12:00:00'),
  (6, 7, 'Pendiente', 2290.55, '2003-04-19 10:06:43'),
  (2, 8, 'Aprobado', 3035.10, '2025-02-23 16:00:00'),
  (5, 9, 'Rechazado', 498.75, '2025-04-23 18:30:00'),
  (1, 10, 'Pendiente', 4100.00, '2025-06-19 20:17:24'),
  (3, 33, 'Aprobado', 1722.80, NULL),
  (6, 27, 'Pendiente', 2788.65, '2003-07-31 06:35:24'),
  (5, 14, 'Rechazado', 3940.99, '2006-02-08 15:59:45'),
  (7, 36, 'Aprobado', 2165.44, '2036-07-17 16:50:33'),
  (1, 5, 'Pendiente', 1560.10, '2036-08-31 23:59:59'),
  (2, 40, 'Rechazado', 3312.77, NULL),
  (6, 11, 'Pendiente', 420.89, '2025-05-02 14:15:48'),
  (4, 26, 'Rechazado', 1801.23, '2020-03-18 16:15:24'),
  (3, 39, 'Pendiente', 2475.00, NULL),
  (5, 19, 'Aprobado', 3500.60, '2024-09-15 11:42:31'),
  (7, 21, 'Pendiente', 1344.00, '2023-07-02 09:30:05'),
  (1, 7, 'Aprobado', 3822.11, '2019-12-12 13:59:44'),
  (2, 1, 'Pendiente', 2650.00, '2017-01-20 22:48:12'),
  (3, 38, 'Rechazado', 1500.00, '2022-05-30 06:23:59'),
  (4, 22, 'Pendiente', 2100.10, NULL),
  (5, 13, 'Rechazado', 900.99, NULL),
  (6, 30, 'Aprobado', 4711.40, NULL),
  (4, 8, 'Rechazado', 1200.00, '2023-11-03 19:07:14'),
  (7, 18, 'Pendiente', 3870.87, '2021-08-14 10:10:10'),
  (1, 12, 'Aprobado', 2333.33, '2020-10-01 08:03:18'),
  (5, 28, 'Rechazado', 1455.50, '2025-01-05 12:22:11'),
  (7, 32, 'Pendiente', 3988.88, NULL),
  (2, 15, 'Aprobado', 999.90, '2026-02-17 17:55:43'),
  (6, 3, 'Rechazado', 3010.01, '2028-06-08 04:04:04'),
  (1, 24, 'Pendiente', 2737.00, '2010-03-25 07:07:07'),
  (2, 6, 'Aprobado', 1844.44, '2027-07-13 15:15:15'),
  (3, 20, 'Pendiente', 398.12, '2015-09-09 09:09:09'),
  (4, 10, 'Pendiente', 2468.00, NULL),
  (5, 37, 'Rechazado', 4123.45, '2029-04-04 20:20:20'),
  (6, 16, 'Aprobado', 1250.00, '2008-01-01 01:01:01');
